{
    "AU": {
        "BN": 0.082125603864734303,
        "CA": 0.10748792270531402,
        "CL": 0.10869565217391304,
        "JP": 0.049516908212560384,
        "MX": 0.086956521739130432,
        "MY": 0.079710144927536225,
        "NZ": 0.11714975845410629,
        "PE": 0.10628019323671498,
        "SG": 0.10386473429951691,
        "US": 0.077294685990338161,
        "VN": 0.080917874396135264
    },
    "BN": {
        "AU": 0.076404494382022473,
        "CA": 0.097752808988764039,
        "CL": 0.10674157303370786,
        "JP": 0.040449438202247189,
        "MX": 0.097752808988764039,
        "MY": 0.12584269662921349,
        "NZ": 0.10449438202247191,
        "PE": 0.097752808988764039,
        "SG": 0.097752808988764039,
        "US": 0.02359550561797753,
        "VN": 0.13146067415730336
    },
    "CA": {
        "AU": 0.091847265221878222,
        "BN": 0.089783281733746126,
        "CL": 0.11248710010319918,
        "JP": 0.05159958720330237,
        "MX": 0.093911248710010317,
        "MY": 0.10835913312693499,
        "NZ": 0.11764705882352941,
        "PE": 0.089783281733746126,
        "SG": 0.099071207430340563,
        "US": 0.043343653250773995,
        "VN": 0.1021671826625387
    },
    "CL": {
        "AU": 0.08771929824561403,
        "BN": 0.092592592592592587,
        "CA": 0.10623781676413255,
        "JP": 0.031189083820662766,
        "MX": 0.10526315789473684,
        "MY": 0.10623781676413255,
        "NZ": 0.1111111111111111,
        "PE": 0.11013645224171539,
        "SG": 0.11500974658869395,
        "US": 0.024366471734892786,
        "VN": 0.11013645224171539
    },
    "JP": {
        "AU": 0.093821510297482841,
        "BN": 0.082379862700228831,
        "CA": 0.11441647597254005,
        "CL": 0.073226544622425629,
        "MX": 0.091533180778032033,
        "MY": 0.084668192219679639,
        "NZ": 0.10526315789473684,
        "PE": 0.10068649885583524,
        "SG": 0.08924485125858124,
        "US": 0.084668192219679639,
        "VN": 0.080091533180778038
    },
    "MX": {
        "AU": 0.078947368421052627,
        "BN": 0.095394736842105268,
        "CA": 0.09978070175438597,
        "CL": 0.11842105263157894,
        "JP": 0.043859649122807015,
        "MY": 0.089912280701754388,
        "NZ": 0.098684210526315791,
        "PE": 0.11074561403508772,
        "SG": 0.093201754385964911,
        "US": 0.054824561403508769,
        "VN": 0.1162280701754386
    },
    "MY": {
        "AU": 0.068607068607068611,
        "BN": 0.11642411642411643,
        "CA": 0.10914760914760915,
        "CL": 0.11330561330561331,
        "JP": 0.038461538461538464,
        "MX": 0.085239085239085244,
        "NZ": 0.11954261954261955,
        "PE": 0.090436590436590442,
        "SG": 0.11746361746361747,
        "US": 0.027027027027027029,
        "VN": 0.11434511434511435
    },
    "NZ": {
        "AU": 0.096230158730158735,
        "BN": 0.092261904761904767,
        "CA": 0.1130952380952381,
        "CL": 0.1130952380952381,
        "JP": 0.045634920634920632,
        "MX": 0.089285714285714288,
        "MY": 0.11408730158730158,
        "PE": 0.091269841269841265,
        "SG": 0.10119047619047619,
        "US": 0.0496031746031746,
        "VN": 0.094246031746031744
    },
    "PE": {
        "AU": 0.092146596858638741,
        "BN": 0.091099476439790578,
        "CA": 0.091099476439790578,
        "CL": 0.11832460732984293,
        "JP": 0.04607329842931937,
        "MX": 0.10575916230366492,
        "MY": 0.091099476439790578,
        "NZ": 0.096335078534031407,
        "SG": 0.1099476439790576,
        "US": 0.05654450261780105,
        "VN": 0.10157068062827225
    },
    "SG": {
        "AU": 0.087755102040816324,
        "BN": 0.088775510204081629,
        "CA": 0.097959183673469383,
        "CL": 0.12040816326530612,
        "JP": 0.039795918367346937,
        "MX": 0.08673469387755102,
        "MY": 0.11530612244897959,
        "NZ": 0.10408163265306122,
        "PE": 0.10714285714285714,
        "US": 0.052040816326530612,
        "VN": 0.10000000000000001
    },
    "US": {
        "AU": 0.14382022471910114,
        "BN": 0.047191011235955059,
        "CA": 0.094382022471910118,
        "CL": 0.056179775280898875,
        "JP": 0.083146067415730343,
        "MX": 0.11235955056179775,
        "MY": 0.058426966292134834,
        "NZ": 0.11235955056179775,
        "PE": 0.12134831460674157,
        "SG": 0.1146067415730337,
        "VN": 0.056179775280898875
    },
    "VN": {
        "AU": 0.06964656964656965,
        "BN": 0.12162162162162163,
        "CA": 0.10291060291060292,
        "CL": 0.11746361746361747,
        "JP": 0.036382536382536385,
        "MX": 0.11018711018711019,
        "MY": 0.11434511434511435,
        "NZ": 0.098752598752598758,
        "PE": 0.10083160083160084,
        "SG": 0.10187110187110188,
        "US": 0.025987525987525989
    }
}