{
    "AU": {
        "BN": {
            "occ": 68,
            "prop": 0.082125603864734303
        },
        "CA": {
            "occ": 89,
            "prop": 0.10748792270531402
        },
        "CL": {
            "occ": 90,
            "prop": 0.10869565217391304
        },
        "JP": {
            "occ": 41,
            "prop": 0.049516908212560384
        },
        "MX": {
            "occ": 72,
            "prop": 0.086956521739130432
        },
        "MY": {
            "occ": 66,
            "prop": 0.079710144927536225
        },
        "NZ": {
            "occ": 97,
            "prop": 0.11714975845410629
        },
        "PE": {
            "occ": 88,
            "prop": 0.10628019323671498
        },
        "SG": {
            "occ": 86,
            "prop": 0.10386473429951691
        },
        "US": {
            "occ": 64,
            "prop": 0.077294685990338161
        },
        "VN": {
            "occ": 67,
            "prop": 0.080917874396135264
        }
    },
    "BN": {
        "AU": {
            "occ": 68,
            "prop": 0.076404494382022473
        },
        "CA": {
            "occ": 87,
            "prop": 0.097752808988764039
        },
        "CL": {
            "occ": 95,
            "prop": 0.10674157303370786
        },
        "JP": {
            "occ": 36,
            "prop": 0.040449438202247189
        },
        "MX": {
            "occ": 87,
            "prop": 0.097752808988764039
        },
        "MY": {
            "occ": 112,
            "prop": 0.12584269662921349
        },
        "NZ": {
            "occ": 93,
            "prop": 0.10449438202247191
        },
        "PE": {
            "occ": 87,
            "prop": 0.097752808988764039
        },
        "SG": {
            "occ": 87,
            "prop": 0.097752808988764039
        },
        "US": {
            "occ": 21,
            "prop": 0.02359550561797753
        },
        "VN": {
            "occ": 117,
            "prop": 0.13146067415730336
        }
    },
    "CA": {
        "AU": {
            "occ": 89,
            "prop": 0.091847265221878222
        },
        "BN": {
            "occ": 87,
            "prop": 0.089783281733746126
        },
        "CL": {
            "occ": 109,
            "prop": 0.11248710010319918
        },
        "JP": {
            "occ": 50,
            "prop": 0.05159958720330237
        },
        "MX": {
            "occ": 91,
            "prop": 0.093911248710010317
        },
        "MY": {
            "occ": 105,
            "prop": 0.10835913312693499
        },
        "NZ": {
            "occ": 114,
            "prop": 0.11764705882352941
        },
        "PE": {
            "occ": 87,
            "prop": 0.089783281733746126
        },
        "SG": {
            "occ": 96,
            "prop": 0.099071207430340563
        },
        "US": {
            "occ": 42,
            "prop": 0.043343653250773995
        },
        "VN": {
            "occ": 99,
            "prop": 0.1021671826625387
        }
    },
    "CL": {
        "AU": {
            "occ": 90,
            "prop": 0.08771929824561403
        },
        "BN": {
            "occ": 95,
            "prop": 0.092592592592592587
        },
        "CA": {
            "occ": 109,
            "prop": 0.10623781676413255
        },
        "JP": {
            "occ": 32,
            "prop": 0.031189083820662766
        },
        "MX": {
            "occ": 108,
            "prop": 0.10526315789473684
        },
        "MY": {
            "occ": 109,
            "prop": 0.10623781676413255
        },
        "NZ": {
            "occ": 114,
            "prop": 0.1111111111111111
        },
        "PE": {
            "occ": 113,
            "prop": 0.11013645224171539
        },
        "SG": {
            "occ": 118,
            "prop": 0.11500974658869395
        },
        "US": {
            "occ": 25,
            "prop": 0.024366471734892786
        },
        "VN": {
            "occ": 113,
            "prop": 0.11013645224171539
        }
    },
    "JP": {
        "AU": {
            "occ": 41,
            "prop": 0.093821510297482841
        },
        "BN": {
            "occ": 36,
            "prop": 0.082379862700228831
        },
        "CA": {
            "occ": 50,
            "prop": 0.11441647597254005
        },
        "CL": {
            "occ": 32,
            "prop": 0.073226544622425629
        },
        "MX": {
            "occ": 40,
            "prop": 0.091533180778032033
        },
        "MY": {
            "occ": 37,
            "prop": 0.084668192219679639
        },
        "NZ": {
            "occ": 46,
            "prop": 0.10526315789473684
        },
        "PE": {
            "occ": 44,
            "prop": 0.10068649885583524
        },
        "SG": {
            "occ": 39,
            "prop": 0.08924485125858124
        },
        "US": {
            "occ": 37,
            "prop": 0.084668192219679639
        },
        "VN": {
            "occ": 35,
            "prop": 0.080091533180778038
        }
    },
    "MX": {
        "AU": {
            "occ": 72,
            "prop": 0.078947368421052627
        },
        "BN": {
            "occ": 87,
            "prop": 0.095394736842105268
        },
        "CA": {
            "occ": 91,
            "prop": 0.09978070175438597
        },
        "CL": {
            "occ": 108,
            "prop": 0.11842105263157894
        },
        "JP": {
            "occ": 40,
            "prop": 0.043859649122807015
        },
        "MY": {
            "occ": 82,
            "prop": 0.089912280701754388
        },
        "NZ": {
            "occ": 90,
            "prop": 0.098684210526315791
        },
        "PE": {
            "occ": 101,
            "prop": 0.11074561403508772
        },
        "SG": {
            "occ": 85,
            "prop": 0.093201754385964911
        },
        "US": {
            "occ": 50,
            "prop": 0.054824561403508769
        },
        "VN": {
            "occ": 106,
            "prop": 0.1162280701754386
        }
    },
    "MY": {
        "AU": {
            "occ": 66,
            "prop": 0.068607068607068611
        },
        "BN": {
            "occ": 112,
            "prop": 0.11642411642411643
        },
        "CA": {
            "occ": 105,
            "prop": 0.10914760914760915
        },
        "CL": {
            "occ": 109,
            "prop": 0.11330561330561331
        },
        "JP": {
            "occ": 37,
            "prop": 0.038461538461538464
        },
        "MX": {
            "occ": 82,
            "prop": 0.085239085239085244
        },
        "NZ": {
            "occ": 115,
            "prop": 0.11954261954261955
        },
        "PE": {
            "occ": 87,
            "prop": 0.090436590436590442
        },
        "SG": {
            "occ": 113,
            "prop": 0.11746361746361747
        },
        "US": {
            "occ": 26,
            "prop": 0.027027027027027029
        },
        "VN": {
            "occ": 110,
            "prop": 0.11434511434511435
        }
    },
    "NZ": {
        "AU": {
            "occ": 97,
            "prop": 0.096230158730158735
        },
        "BN": {
            "occ": 93,
            "prop": 0.092261904761904767
        },
        "CA": {
            "occ": 114,
            "prop": 0.1130952380952381
        },
        "CL": {
            "occ": 114,
            "prop": 0.1130952380952381
        },
        "JP": {
            "occ": 46,
            "prop": 0.045634920634920632
        },
        "MX": {
            "occ": 90,
            "prop": 0.089285714285714288
        },
        "MY": {
            "occ": 115,
            "prop": 0.11408730158730158
        },
        "PE": {
            "occ": 92,
            "prop": 0.091269841269841265
        },
        "SG": {
            "occ": 102,
            "prop": 0.10119047619047619
        },
        "US": {
            "occ": 50,